Nome,Idade,Cidade,Salário,Nível de Educação,Cargo
Lucia,34,Rio de Janeiro,9838.29,Mestrado,Gerente
Gustavo,28,Recife,4470.87,Mestrado,Designer
Ana,29,Belo Horizonte,3704.09,Ensino Médio,Analista
Lucia,49,São Paulo,9367.11,Pós-Graduação,Analista
Pedro,37,Belo Horizonte,4831.09,Mestrado,Analista
Felipe,60,Rio de Janeiro,4440.01,Graduação,Programador
Maria,18,Porto Alegre,8042.29,Ensino Médio,Engenheiro
Gustavo,28,Recife,7141.48,Mestrado,Designer
Maria,46,Rio de Janeiro,2666.62,Mestrado,Programador
Pedro,32,Recife,2522.84,Pós-Graduação,Engenheiro
João,34,Curitiba,4953.4,Mestrado,Gerente
Gustavo,38,Recife,8143.95,Mestrado,Analista
Felipe,34,Recife,9838.29,Pós-Graduação,Analista
Felipe,18,Rio de Janeiro,3222.48,Pós-Graduação,Gerente
Camila,49,Belo Horizonte,7477.51,Mestrado,Programador
Pedro,19,Porto Alegre,6348.78,Mestrado,Gerente
Carla,46,São Paulo,2717.83,Mestrado,Analista
Felipe,50,Belo Horizonte,7705.16,Pós-Graduação,Designer
Gustavo,56,Belo Horizonte,9776.33,Pós-Graduação,Gerente
Pedro,19,São Paulo,3704.09,Doutorado,Engenheiro
Maria,33,Belo Horizonte,3638.65,Ensino Médio,Engenheiro
Felipe,50,Rio de Janeiro,6348.78,Mestrado,Programador
João,28,Belo Horizonte,9838.29,Pós-Graduação,Programador
Gustavo,50,Recife,7806.37,Ensino Médio,Gerente
André,39,Rio de Janeiro,7778.38,Ensino Médio,Gerente
Carla,28,Rio de Janeiro,8042.29,Graduação,Engenheiro
Camila,45,São Paulo,9908.64,Mestrado,Analista
Pedro,23,Rio de Janeiro,8745.93,Pós-Graduação,Designer
Lucia,21,Belo Horizonte,3222.48,Doutorado,Programador
Lucia,57,Porto Alegre,2788.81,Doutorado,Programador
Ana,45,Porto Alegre,4440.01,Pós-Graduação,Gerente
Felipe,50,Curitiba,9838.29,Pós-Graduação,Analista
Carla,50,São Paulo,7377.35,Ensino Médio,Analista
Ana,28,Recife,6597.96,Graduação,Engenheiro
Pedro,41,Belo Horizonte,6180.63,Ensino Médio,Analista
Felipe,42,São Paulo,2522.84,Graduação,Programador
Carla,42,Curitiba,2666.62,Doutorado,Gerente
André,58,Curitiba,9366.31,Mestrado,Gerente
Maria,39,Recife,7336.99,Graduação,Engenheiro
Gustavo,45,Recife,6044.85,Doutorado,Engenheiro
André,20,Porto Alegre,2717.83,Doutorado,Designer
Maria,28,Belo Horizonte,7696.47,Ensino Médio,Engenheiro
Felipe,47,Rio de Janeiro,7336.99,Pós-Graduação,Programador
Gustavo,51,São Paulo,7806.37,Ensino Médio,Analista
Felipe,51,Curitiba,2717.83,Ensino Médio,Gerente
Felipe,21,São Paulo,4831.09,Graduação,Designer
Carla,39,Rio de Janeiro,6597.96,Graduação,Analista
Felipe,18,Porto Alegre,7806.37,Doutorado,Analista
Pedro,21,Rio de Janeiro,2522.84,Doutorado,Analista
Carla,29,Recife,8745.93,Ensino Médio,Designer
