Nome,Idade,Cidade
João,25,São Paulo
Maria,30,Rio de Janeiro
Carlos,22,Belo Horizonte
Ana,28,Porto Alegre
Pedro,35,Brasília
Mariana,27,Salvador
Rafael,32,Curitiba
Juliana,29,Recife
Lucas,26,Fortaleza
Camila,31,Manaus
Gustavo,33,Florianópolis
Larissa,24,Porto Velho
Roberto,28,Goiania
Isabela,30,João Pessoa
Fernando,29,Natal
Carolina,34,Cuiabá
Diego,26,Vitória
Julia,27,Aracaju
Rodrigo,32,Teresina
Aline,31,Campinas
Vinícius,29,São Luís
Luciana,33,Maceió
Renato,28,Belém
Laura,30,Palmas
Henrique,26,Boa Vista
Amanda,29,Roraima
Bruno,35,Porto Seguro
Renata,32,Ilhéus
Thiago,28,Itacaré
Cristina,30,Trancoso
Ricardo,31,Arraial d'Ajuda
Lívia,29,Lençóis
Marcelo,33,Barreirinhas
Vanessa,26,Jericoacoara
Leonardo,29,Canoa Quebrada
Jéssica,34,Praia do Forte
Alexandre,27,Morro de São Paulo
Mirella,31,Recife
Robson,30,Olinda
Beatriz,28,Jaboatão dos Guararapes
Paulo,32,Paulista
Silvia,29,Cabo de Santo Agostinho
Ricardo,34,Ipojuca
Tatiane,26,Goiana
Marcela,28,Caruaru
Felipe,30,Petrolina
Carla,33,Serra Talhada
Daniel,27,Arcoverde
Larissa,31,Garanhuns
João,29,Gravatá
