PAIS,REFEICAO,PRECO
Honduras,Pupusas,16
Belize,Pupusas,22
El Salvador,Plátanos Fritos,48
Costa Rica,Sopa de Mariscos,15
Belize,Pupusas,32
Costa Rica,Baleadas,27
Honduras,Sopa de Mariscos,31
El Salvador,Tamales,48
Guatemala,Pupusas,27
Nicarágua,Sopa de Mariscos,35
Panamá,Gallo Pinto,32
Guatemala,Pupusas,48
Belize,Gallo Pinto,10
Belize,Baleadas,34
Costa Rica,Sopa de Mariscos,5
Belize,Arroz con Pollo,43
Belize,Plátanos Fritos,17
Panamá,Pupusas,15
Honduras,Arroz con Pollo,48
Guatemala,Gallo Pinto,6
El Salvador,Baleadas,14
Panamá,Plátanos Fritos,13
Nicarágua,Arroz con Pollo,31
Guatemala,Gallo Pinto,36
Panamá,Pupusas,44
Costa Rica,Gallo Pinto,37
Nicarágua,Pupusas,43
Honduras,Plátanos Fritos,38
Honduras,Gallo Pinto,27
El Salvador,Pupusas,20
Panamá,Sopa de Mariscos,26
Costa Rica,Arroz con Pollo,21
Honduras,Baleadas,14
Guatemala,Baleadas,49
Belize,Baleadas,44
Panamá,Baleadas,22
El Salvador,Baleadas,42
Guatemala,Tamales,48
El Salvador,Gallo Pinto,25
Nicarágua,Arroz con Pollo,19
Belize,Sopa de Mariscos,24
Guatemala,Baleadas,20
Nicarágua,Gallo Pinto,10
El Salvador,Gallo Pinto,9
El Salvador,Plátanos Fritos,39
El Salvador,Pupusas,29
El Salvador,Plátanos Fritos,17
Honduras,Gallo Pinto,26
Belize,Sopa de Mariscos,36
Guatemala,Baleadas,5
